time,distance_km,scale,density
0.0,2.5,short,0.0
0.5,2.5,short,1.8644107385495623
1.0,2.5,short,2.150310342149712
1.5,2.5,short,2.3989748243712423
2.0,2.5,short,2.6170963174973867
2.5,2.5,short,2.8077886895419426
3.0,2.5,short,2.973442886764485
3.5,2.5,short,3.116144683969663
4.0,2.5,short,3.237785782835146
4.5,2.5,short,3.340106221495744
5.0,2.5,short,3.4247158166992238
5.5,2.5,short,3.4931076908937375
6.0,2.5,short,3.5466682562429828
6.5,2.5,short,3.586685353124938
7.0,2.5,short,3.614355283956243
7.5,2.5,short,3.630789099518035
8.0,2.5,short,3.637018326353357
8.5,2.5,short,3.634000243835644
9.0,2.5,short,3.6226227789803565
9.5,2.5,short,3.6037090652654578
10.0,2.5,short,3.5780216993106766
10.5,2.5,short,3.5462667217949186
11.0,2.5,short,3.509097344240752
11.5,2.5,short,3.4671174401021867
12.0,2.5,short,3.4208848163263204
12.5,2.5,short,3.3709142798660667
13.0,2.5,short,3.317680512295063
13.5,2.5,short,3.2616207645939617
14.0,2.5,short,3.203137383264684
14.5,2.5,short,3.142600178138259
15.0,2.5,short,3.080348641541967
15.5,2.5,short,3.016694027862278
16.0,2.5,short,2.9519213019676167
16.5,2.5,short,2.8862909644294197
17.0,2.5,short,2.820040760994452
17.5,2.5,short,2.7533872833103974
18.0,2.5,short,2.686527467486592
18.5,2.5,short,2.61963999667906
19.0,2.5,short,2.5528866135212898
19.5,2.5,short,2.486413347877335
20.0,2.5,short,2.420351665070023
20.5,2.5,short,2.3548195394326705
21.0,2.5,short,2.28992245774664
21.5,2.5,short,2.2257543568576597
22.0,2.5,short,2.162398499510516
22.5,2.5,short,2.099928292203017
23.0,2.5,short,2.0384080486354517
23.5,2.5,short,1.9778937021201117
24.0,2.5,short,1.918433470116076
24.5,2.5,short,1.8600684738666735
25.0,2.5,short,1.8028333159400638
25.5,2.5,short,1.7467566183067686
26.0,2.5,short,1.6918615234309127
26.5,2.5,short,1.6381661607040103
27.0,2.5,short,1.5856840804108212
27.5,2.5,short,1.5344246572854785
28.0,2.5,short,1.4843934655924802
28.5,2.5,short,1.4355926275506694
29.0,2.5,short,1.388021136808601
29.5,2.5,short,1.3416751585764668
30.0,2.5,short,1.2965483079223703
30.5,2.5,short,1.252631907649252
31.0,2.5,short,1.2099152270824387
31.5,2.5,short,1.1683857030166362
32.0,2.5,short,1.1280291439947512
32.5,2.5,short,1.0888299190189688
33.0,2.5,short,1.0507711317268187
33.5,2.5,short,1.0138347810012336
34.0,2.5,short,0.9780019089236311
34.5,2.5,short,0.9432527369226761
35.0,2.5,short,0.9095667909182549
35.5,2.5,short,0.8769230162103206
36.0,2.5,short,0.8452998828152856
36.5,2.5,short,0.8146754819084878
37.0,2.5,short,0.7850276139897584
37.5,2.5,short,0.7563338693500496
38.0,2.5,short,0.7285717013804223
38.5,2.5,short,0.7017184932301844
39.0,2.5,short,0.6757516182885582
39.5,2.5,short,0.650648494933817
40.0,2.5,short,0.6263866359651944
40.5,2.5,short,0.6029436931060165
41.0,2.5,short,0.5802974969412461
41.5,2.5,short,0.5584260926289325
42.0,2.5,short,0.5373077717027979
42.5,2.5,short,0.5169211002623083
43.0,2.5,short,0.4972449438269585
43.5,2.5,short,0.47825848911310315
44.0,2.5,short,0.45994126297440335
44.5,2.5,short,0.44227314873075585
45.0,2.5,short,0.4252344000953979
45.5,2.5,short,0.40880565289562193
46.0,2.5,short,0.3929679347691954
46.5,2.5,short,0.37770267300606386
47.0,2.5,short,0.3629917006931833
47.5,2.5,short,0.3488172613093544
48.0,2.5,short,0.33516201190662814
48.5,2.5,short,0.32200902500522743
49.0,2.5,short,0.30934178931990125
49.5,2.5,short,0.29714420942719344
50.0,2.5,short,0.2854006044752024
50.5,2.5,short,0.27409570603001976
51.0,2.5,short,0.2632146551461322
51.5,2.5,short,0.2527429987415998
52.0,2.5,short,0.24266668535279806
52.5,2.5,short,0.23297206033786289
53.0,2.5,short,0.2236458605927093
53.5,2.5,short,0.21467520883858252
54.0,2.5,short,0.20604760753549692
54.5,2.5,short,0.19775093247164993
55.0,2.5,short,0.18977342607488784
55.5,2.5,short,0.18210369048858857
56.0,2.5,short,0.17473068045084683
56.5,2.5,short,0.16764369601261883
57.0,2.5,short,0.1608323751274727
57.5,2.5,short,0.1542866861427891
58.0,2.5,short,0.14799692021964975
58.5,2.5,short,0.14195368370623213
59.0,2.5,short,0.13614789048727285
59.5,2.5,short,0.13057075433007792
60.0,2.5,short,0.12521378124561125
60.5,2.5,short,0.12006876188139842
61.0,2.5,short,0.11512776396131186
61.5,2.5,short,0.11038312478575707
62.0,2.5,short,0.10582744380435416
62.5,2.5,short,0.10145357527187958
63.0,2.5,short,0.0972546209970141
63.5,2.5,short,0.09322392319231444
64.0,2.5,short,0.0893550574327801
64.5,2.5,short,0.08564182572943252
65.0,2.5,short,0.08207824972343498
65.5,2.5,short,0.07865856400547165
66.0,2.5,short,0.07537720956435555
66.5,2.5,short,0.07222882736815063
67.0,2.5,short,0.06920825208046621
67.5,2.5,short,0.06631050591400584
68.0,2.5,short,0.06353079262292921
68.5,2.5,short,0.06086449163510742
69.0,2.5,short,0.05830715232491454
69.5,2.5,short,0.055854488426805946
70.0,2.5,short,0.05350237258957246
70.5,2.5,short,0.0512468310708364
71.0,2.5,short,0.04908403857106393
71.5,2.5,short,0.0470103132061038
72.0,2.5,short,0.04502211161702875
72.5,2.5,short,0.04311602421584507
73.0,2.5,short,0.04128877056544881
73.5,2.5,short,0.03953719489204298
74.0,2.5,short,0.03785826172808386
74.5,2.5,short,0.0362490516836992
75.0,2.5,short,0.03470675734441
75.5,2.5,short,0.033228679292894435
76.0,2.5,short,0.03181222225245209
76.5,2.5,short,0.030454891349760184
77.0,2.5,short,0.029154288494459214
77.5,2.5,short,0.027908108873061388
78.0,2.5,short,0.026714137554642182
78.5,2.5,short,0.025570246205751213
79.0,2.5,short,0.024474389911962154
79.5,2.5,short,0.02342460410347459
80.0,2.5,short,0.022419001582177883
80.5,2.5,short,0.021455769647593454
81.0,2.5,short,0.02053316731912213
81.5,2.5,short,0.019649522652038377
82.0,2.5,short,0.01880323014469544
82.5,2.5,short,0.017992748234427557
83.0,2.5,short,0.01721659687966532
83.5,2.5,short,0.016473355225811212
84.0,2.5,short,0.015761659352455694
84.5,2.5,short,0.015080200099552512
85.0,2.5,short,0.01442772097020915
85.5,2.5,short,0.013803016107790179
86.0,2.5,short,0.013204928345073504
86.5,2.5,short,0.01263234732324249
87.0,2.5,short,0.012084207678542883
87.5,2.5,short,0.01155948729447804
88.0,2.5,short,0.011057205617463182
88.5,2.5,short,0.010576422033906234
89.0,2.5,short,0.010116234306729532
89.5,2.5,short,0.009675777069395193
90.0,2.5,short,0.009254220375543605
90.5,2.5,short,0.008850768302402732
91.0,2.5,short,0.008464657606173273
91.5,2.5,short,0.008095156427641382
92.0,2.5,short,0.007741563046318455
92.5,2.5,short,0.007403204681452991
93.0,2.5,short,0.007079436338306074
93.5,2.5,short,0.006769639698127435
94.0,2.5,short,0.006473222050313391
94.5,2.5,short,0.006189615265272793
95.0,2.5,short,0.0059182748065699595
95.5,2.5,short,0.005658678780956679
96.0,2.5,short,0.005410327024947324
96.5,2.5,short,0.005172740226631981
97.0,2.5,short,0.004945459081463213
97.5,2.5,short,0.004728043480791515
98.0,2.5,short,0.004520071731962925
98.5,2.5,short,0.004321139808830561
99.0,2.5,short,0.004130860631568328
99.5,2.5,short,0.003948863374711418
100.0,2.5,short,0.0037747928023833884
0.0,20.0,short,0.0
0.5,20.0,short,0.9318709123588412
1.0,20.0,short,1.5202262375766675
1.5,20.0,short,1.9038398387125206
2.0,20.0,short,2.200509492626082
2.5,20.0,short,2.4441466052058063
3.0,20.0,short,2.6488780289172253
3.5,20.0,short,2.822221300822712
4.0,20.0,short,2.968929477838583
4.5,20.0,short,3.092396585485625
5.0,20.0,short,3.195258181424088
5.5,20.0,short,3.27967979299469
6.0,20.0,short,3.347508958195495
6.5,20.0,short,3.4003618713399955
7.0,20.0,short,3.439676238906232
7.5,20.0,short,3.4667455513745526
8.0,20.0,short,3.482742570175259
8.5,20.0,short,3.4887362513225284
9.0,20.0,short,3.485704498957799
9.5,20.0,short,3.4745441614846904
10.0,20.0,short,3.456079134710377
10.5,20.0,short,3.431067118426468
11.0,20.0,short,3.400205382362393
11.5,20.0,short,3.364135779950958
12.0,20.0,short,3.3234491739459235
12.5,20.0,short,3.278689389668147
13.0,20.0,short,3.2303567796401427
13.5,20.0,short,3.1789114616795784
14.0,20.0,short,3.1247762775338734
14.5,20.0,short,3.0683395085811145
15.0,20.0,short,3.0099573775481803
15.5,20.0,short,2.949956359663738
16.0,20.0,short,2.88863532254948
16.5,20.0,short,2.8262675110398017
17.0,20.0,short,2.763102390723689
17.5,20.0,short,2.699367362126316
18.0,20.0,short,2.6352693559544367
18.5,20.0,short,2.570996318621694
19.0,20.0,short,2.506718596277761
19.5,20.0,short,2.442590224738208
20.0,20.0,short,2.37875013201321
20.5,20.0,short,2.3153232595350706
21.0,20.0,short,2.2524216076668067
21.5,20.0,short,2.1901452106208055
22.0,20.0,short,2.128583045516447
22.5,20.0,short,2.067813879948961
23.0,20.0,short,2.0079070621219053
23.5,20.0,short,1.9489232573066475
24.0,20.0,short,1.8909151341297847
24.5,20.0,short,1.833928003949849
25.0,20.0,short,1.7780004163650385
25.5,20.0,short,1.7231647136917483
26.0,20.0,short,1.6694475470672323
26.5,20.0,short,1.6168703566572467
27.0,20.0,short,1.565449818289638
27.5,20.0,short,1.5151982586861457
28.0,20.0,short,1.4661240413264283
28.5,20.0,short,1.4182319248493822
29.0,20.0,short,1.3715233957765038
29.5,20.0,short,1.325996977229705
30.0,20.0,short,1.2816485152108466
30.5,20.0,short,1.2384714439120326
31.0,20.0,short,1.19645703143357
31.5,20.0,short,1.1555946072003156
32.0,20.0,short,1.1158717722863127
32.5,20.0,short,1.0772745937818233
33.0,20.0,short,1.0397877842658305
33.5,20.0,short,1.0033948673803925
34.0,20.0,short,0.9680783304406755
34.5,20.0,short,0.9338197649558143
35.0,20.0,short,0.9005999958805899
35.5,20.0,short,0.8683992003662395
36.0,20.0,short,0.8371970167301086
36.5,20.0,short,0.8069726443182751
37.0,20.0,short,0.7777049348924785
37.5,20.0,short,0.7493724761324584
38.0,20.0,short,0.7219536678071109
38.5,20.0,short,0.6954267911324085
39.0,20.0,short,0.669770071800776
39.5,20.0,short,0.6449617371353945
40.0,20.0,short,0.6209800677935705
40.5,20.0,short,0.5978034444158143
41.0,20.0,short,0.5754103895914271
41.5,20.0,short,0.553779605487167
42.0,20.0,short,0.5328900074628133
42.5,20.0,short,0.5127207539761205
43.0,20.0,short,0.4932512730596163
43.5,20.0,short,0.47446128563293144
44.0,20.0,short,0.45633082589673124
44.5,20.0,short,0.43884025903779356
45.0,20.0,short,0.42197029645931156
45.5,20.0,short,0.4057020087359596
46.0,20.0,short,0.3900168364796701
46.5,20.0,short,0.37489659928931196
47.0,20.0,short,0.3603235029455104
47.5,20.0,short,0.3462801450006716
48.0,20.0,short,0.3327495189037775
48.5,20.0,short,0.31971501678971614
49.0,20.0,short,0.3071604310537209
49.5,20.0,short,0.29506995482289666
50.0,20.0,short,0.2834281814287687
50.5,20.0,short,0.2722201029772574
51.0,20.0,short,0.2614311081054611
51.5,20.0,short,0.25104697900802997
52.0,20.0,short,0.24105388780978534
52.5,20.0,short,0.23143839235547908
53.0,20.0,short,0.22218743148222822
53.5,20.0,short,0.21328831983514834
54.0,20.0,short,0.2047287422820279
54.5,20.0,short,0.19649674797852806
55.0,20.0,short,0.1885807441313117
55.5,20.0,short,0.180969489502719
56.0,20.0,short,0.1736520876970596
56.5,20.0,short,0.1666179802652991
57.0,20.0,short,0.15985693966184955
57.5,20.0,short,0.15335906208430763
58.0,20.0,short,0.14711476022433478
58.5,20.0,short,0.14111475595539275
59.0,20.0,short,0.13535007298075272
59.5,20.0,short,0.1298120294630619
60.0,20.0,short,0.12449223065476514
60.5,20.0,short,0.11938256154684278
61.0,20.0,short,0.1144751795516175
61.5,20.0,short,0.10976250723380242
62.0,20.0,short,0.1052372251024994
62.5,20.0,short,0.10089226447549979
63.0,20.0,short,0.09672080042598748
63.5,20.0,short,0.09271624482058718
64.0,20.0,short,0.08887223945662917
64.5,20.0,short,0.08518264930552095
65.0,20.0,short,0.08164155586820195
65.5,20.0,short,0.07824325064782661
66.0,20.0,short,0.07498222874404926
66.5,20.0,short,0.07185318257257894
67.0,20.0,short,0.06885099571302634
67.5,20.0,short,0.06597073688747054
68.0,20.0,short,0.06320765407163081
68.5,20.0,short,0.06055716874003553
69.0,20.0,short,0.058014870246126025
69.5,20.0,short,0.055576510337825555
70.0,20.0,short,0.053237997808729155
70.5,20.0,short,0.05099539328473234
71.0,20.0,short,0.04884490414561293
71.5,20.0,short,0.046782879580803814
72.0,20.0,short,0.044805805778349084
72.5,20.0,short,0.042910301245813944
73.0,20.0,short,0.04109311226172224
73.5,20.0,short,0.03935110845592066
74.0,20.0,short,0.037681278517113725
74.5,20.0,short,0.03608072602567943
75.0,20.0,short,0.034546665409755276
75.5,20.0,short,0.03307641802248465
76.0,20.0,short,0.03166740833822422
76.5,20.0,short,0.03031716026544024
77.0,20.0,short,0.029023293573960076
77.5,20.0,short,0.02778352043419544
78.0,20.0,short,0.026595642065913593
78.5,20.0,short,0.025457545494103992
79.0,20.0,short,0.024367200409464954
79.5,20.0,short,0.023322656131023356
80.0,20.0,short,0.02232203866839228
80.5,20.0,short,0.02136354788117347
81.0,20.0,short,0.02044545473301666
81.5,20.0,short,0.01956609863785947
82.0,20.0,short,0.018723884895888974
82.5,20.0,short,0.017917282216784874
83.0,20.0,short,0.017144820327830226
83.5,20.0,short,0.016405087664503288
84.0,20.0,short,0.015696729141193747
84.5,20.0,short,0.015018443999722427
85.0,20.0,short,0.014368983733376996
85.5,20.0,short,0.013747150084216052
86.0,20.0,short,0.013151793111432785
86.5,20.0,short,0.012581809328610364
87.0,20.0,short,0.012036139907744443
87.5,20.0,short,0.011513768947950583
88.0,20.0,short,0.01101372180681927
88.5,20.0,short,0.010535063492426189
89.0,20.0,short,0.010076897114049937
89.5,20.0,short,0.009638362389696129
90.0,20.0,short,0.00921863420857167
90.5,20.0,short,0.008816921246699543
91.0,20.0,short,0.008432464633910154
91.5,20.0,short,0.008064536670490459
92.0,20.0,short,0.0077124395918183744
92.5,20.0,short,0.007375504379354157
93.0,20.0,short,0.007053089616405655
93.5,20.0,short,0.006744580387128437
94.0,20.0,short,0.006449387217264991
94.5,20.0,short,0.006166945055170958
95.0,20.0,short,0.0058967122917179815
95.5,20.0,short,0.005638169817705015
96.0,20.0,short,0.005390820117450762
96.5,20.0,short,0.005154186397280012
97.0,20.0,short,0.004927811747656345
97.5,20.0,short,0.004711258337752337
98.0,20.0,short,0.004504106641286049
98.5,20.0,short,0.004305954692490098
99.0,20.0,short,0.004116417371115312
99.5,20.0,short,0.003935125715406808
100.0,20.0,short,0.003761726262024726
0.0,180.0,short,0.0
0.5,180.0,short,3.104776570274439e-25
1.0,180.0,short,8.774967609656963e-13
1.5,180.0,short,1.31984199464633e-8
2.0,180.0,short,1.671829158538698e-6
2.5,180.0,short,3.109296740652367e-5
3.0,180.0,short,0.0002205503377545603
3.5,180.0,short,0.000899146159195427
4.0,180.0,short,0.002587820842171617
4.5,180.0,short,0.005896473654794952
5.0,180.0,short,0.01139655039283169
5.5,180.0,short,0.019526303878025338
6.0,180.0,short,0.03054531660155167
6.5,180.0,short,0.04453012896059943
7.0,180.0,short,0.06139559044752419
7.5,180.0,short,0.08092827312507059
8.0,180.0,short,0.10282258942584585
8.5,180.0,short,0.12671425285964394
9.0,180.0,short,0.1522085874844211
9.5,180.0,short,0.17890297046225864
10.0,180.0,short,0.20640366658853826
10.5,180.0,short,0.23433776840402842
11.0,180.0,short,0.26236110437498
11.5,180.0,short,0.2901629625834492
12.0,180.0,short,0.31746838519242415
12.5,180.0,short,0.3440386692269821
13.0,180.0,short,0.3696705882473065
13.5,180.0,short,0.3941947397957473
14.0,180.0,short,0.4174733298398208
14.5,180.0,short,0.4393976284712366
15.0,180.0,short,0.45988526955087594
15.5,180.0,short,0.47887751871598877
16.0,180.0,short,0.4963365969308889
16.5,180.0,short,0.5122431184501326
17.0,180.0,short,0.5265936808263578
17.5,180.0,short,0.5393986288875133
18.0,180.0,short,0.5506800031713447
18.5,180.0,short,0.560469675133265
19.0,180.0,short,0.568807665745189
19.5,180.0,short,0.5757406402606325
20.0,180.0,short,0.5813205694586551
20.5,180.0,short,0.5856035462306658
21.0,180.0,short,0.5886487456612546
21.5,180.0,short,0.5905175165662704
22.0,180.0,short,0.59127259262987
22.5,180.0,short,0.5909774117086773
23.0,180.0,short,0.5896955324578369
23.5,180.0,short,0.5874901381161208
24.0,180.0,short,0.5844236180186125
24.5,180.0,short,0.5805572181524179
25.0,180.0,short,0.575950752809902
25.5,180.0,short,0.5706623701092197
26.0,180.0,short,0.5647483648329162
26.5,180.0,short,0.5582630326758519
27.0,180.0,short,0.5512585605902217
27.5,180.0,short,0.5437849484667455
28.0,180.0,short,0.535889957897451
28.5,180.0,short,0.5276190842281057
29.0,180.0,short,0.5190155485291978
29.5,180.0,short,0.5101203064958286
30.0,180.0,short,0.5009720716314764
30.5,180.0,short,0.4916073503811081
31.0,180.0,short,0.48206048715814287
31.5,180.0,short,0.47236371746002515
32.0,180.0,short,0.4625472274911356
32.5,180.0,short,0.45263921891181963
33.0,180.0,short,0.44266597751074344
33.5,180.0,short,0.43265194475661833
34.0,180.0,short,0.4226197913265204
34.5,180.0,short,0.41259049183333707
35.0,180.0,short,0.40258340008587196
35.5,180.0,short,0.39261632431337024
36.0,180.0,short,0.38270560187294267
36.5,180.0,short,0.37286617303484026
37.0,180.0,short,0.36311165350783153
37.5,180.0,short,0.3534544054260283
38.0,180.0,short,0.34390560657032015
38.5,180.0,short,0.33447531764287597
39.0,180.0,short,0.3251725474526857
39.5,180.0,short,0.3160053159044995
40.0,180.0,short,0.30698071471331717
40.5,180.0,short,0.29810496579235707
41.0,180.0,short,0.2893834772845965
41.5,180.0,short,0.2808208972269849
42.0,180.0,short,0.2724211648526193
42.5,180.0,short,0.2641875595499044
43.0,180.0,short,0.25612274750925035
43.5,180.0,short,0.24822882609749042
44.0,180.0,short,0.24050736600813707
44.5,180.0,short,0.2329594512420496
45.0,180.0,short,0.22558571697826668
45.5,180.0,short,0.21838638539878258
46.0,180.0,short,0.21136129953411617
46.5,180.0,short,0.2045099551987235
47.0,180.0,short,0.19783153108677173
47.5,180.0,short,0.19132491709963528
48.0,180.0,short,0.184988740976755
48.5,180.0,short,0.17882139330133232
49.0,180.0,short,0.17282105095175745
49.5,180.0,short,0.16698569906876815
50.0,180.0,short,0.1613131516071566
50.5,180.0,short,0.1558010705394264
51.0,180.0,short,0.15044698377721127
51.5,180.0,short,0.14524830187450793
52.0,180.0,short,0.14020233357491796
52.5,180.0,short,0.13530630026312898
53.0,180.0,short,0.1305573493788443
53.5,180.0,short,0.12595256684930242
54.0,180.0,short,0.12148898859443223
54.5,180.0,short,0.117163611156587
55.0,180.0,short,0.11297340150469577
55.5,180.0,short,0.10891530606058678
56.0,180.0,short,0.10498625899317153
56.5,180.0,short,0.1011831898241492
57.0,180.0,short,0.0975030303869009
57.5,180.0,short,0.09394272117829307
58.0,180.0,short,0.09049921714121574
58.5,180.0,short,0.08716949291383393
59.0,180.0,short,0.08395054757974225
59.5,180.0,short,0.08083940895148191
60.0,180.0,short,0.07783313741820588
60.5,180.0,short,0.07492882938666459
61.0,180.0,short,0.07212362034313467
61.5,180.0,short,0.06941468756241771
62.0,180.0,short,0.06679925248860792
62.5,180.0,short,0.0642745828109523
63.0,180.0,short,0.06183799425681385
63.5,180.0,short,0.059486852122493675
64.0,180.0,short,0.057218572561465356
64.5,180.0,short,0.05503062364843364
65.0,180.0,short,0.05292052623653542
65.5,180.0,short,0.05088585462396446
66.0,180.0,short,0.04892423704531186
66.5,180.0,short,0.04703335600197457
67.0,180.0,short,0.04521094844509362
67.5,180.0,short,0.04345480582363496
68.0,180.0,short,0.041762774009424554
68.5,180.0,short,0.04013275311018793
69.0,180.0,short,0.03856269718092383
69.5,180.0,short,0.037050613843260756
70.0,180.0,short,0.0355945638218008
70.5,180.0,short,0.03419266040584491
71.0,180.0,short,0.03284306884432144
71.5,180.0,short,0.03154400568119418
72.0,180.0,short,0.030293738038117617
72.5,180.0,short,0.029090582850622895
73.0,180.0,short,0.027932906063664897
73.5,180.0,short,0.026819121791933628
74.0,180.0,short,0.025747691449930724
74.5,180.0,short,0.02471712285643483
75.0,180.0,short,0.023725969317624124
75.5,180.0,short,0.02277282869279163
76.0,180.0,short,0.021856342446276218
76.5,180.0,short,0.020975194688939332
77.0,180.0,short,0.02012811121224323
77.5,180.0,short,0.01931385851772911
78.0,180.0,short,0.018531242844453608
78.5,180.0,short,0.017779109196717182
79.0,180.0,short,0.017056340374207703
79.5,180.0,short,0.01636185600648729
80.0,180.0,short,0.01569461159356663
80.5,180.0,short,0.015053597554141535
81.0,180.0,short,0.014437838282907258
81.5,180.0,short,0.013846391218218354
82.0,180.0,short,0.013278345921225352
82.5,180.0,short,0.012732823167490977
83.0,180.0,short,0.012208974051971003
83.5,180.0,short,0.011705979108135377
84.0,180.0,short,0.01122304744190273
84.5,180.0,short,0.010759415880968877
85.0,180.0,short,0.010314348140021743
85.5,180.0,short,0.00988713400225615
86.0,180.0,short,0.009477088517527814
86.5,180.0,short,0.009083551217417668
87.0,180.0,short,0.008705885347416075
87.5,180.0,short,0.008343477116378527
88.0,180.0,short,0.00799573496335253
88.5,180.0,short,0.007662088841827679
89.0,180.0,short,0.0073419895214166375
89.5,180.0,short,0.007034907906935935
90.0,180.0,short,0.006740334374818725
90.5,180.0,short,0.006457778126759456
91.0,180.0,short,0.006186766560461008
91.5,180.0,short,0.005926844657327994
92.0,180.0,short,0.0056775743869268355
92.5,180.0,short,0.005438534128011468
93.0,180.0,short,0.005209318105895138
93.5,180.0,short,0.00498953584593219
94.0,180.0,short,0.004778811642858852
94.5,180.0,short,0.004576784045729912
95.0,180.0,short,0.0043831053581767625
95.5,180.0,short,0.004197441153703356
96.0,180.0,short,0.004019469805728719
96.5,180.0,short,0.0038488820320780764
97.0,180.0,short,0.0036853804536196386
97.5,180.0,short,0.003528679166740129
98.0,180.0,short,0.003378503329348815
98.5,180.0,short,0.003234588760098297
99.0,180.0,short,0.0030966815505087527
99.5,180.0,short,0.0029645376896823014
100.0,180.0,short,0.0028379227012945165
0.0,100.0,long,0.0
0.5,100.0,long,1.2839925601115363
1.0,100.0,long,1.563254758809117
1.5,100.0,long,1.7757842813761797
2.0,100.0,long,1.9547992967947914
2.5,100.0,long,2.1086167810025356
3.0,100.0,long,2.241093724748531
3.5,100.0,long,2.3547101014872833
4.0,100.0,long,2.4513623159654325
4.5,100.0,long,2.5326353476553143
5.0,100.0,long,2.5999160109658077
5.5,100.0,long,2.6544476620795963
6.0,100.0,long,2.6973601496844095
6.5,100.0,long,2.7296881174379104
7.0,100.0,long,2.7523833182394037
7.5,100.0,long,2.7663236025393174
8.0,100.0,long,2.7723199244355845
8.5,100.0,long,2.7711220858938352
9.0,100.0,long,2.763423626266799
9.5,100.0,long,2.7498660986332126
10.0,100.0,long,2.731042882819626
10.5,100.0,long,2.707502632193093
11.0,100.0,long,2.67975241981139
11.5,100.0,long,2.6482606300798803
12.0,100.0,long,2.6134596296907158
12.5,100.0,long,2.57574824350394
13.0,100.0,long,2.535494055549286
13.5,100.0,long,2.4930355515180214
14.0,100.0,long,2.448684116389881
14.5,100.0,long,2.4027258988357487
15.0,100.0,long,2.3554235525204765
15.5,100.0,long,2.307017863251777
16.0,100.0,long,2.257729269981329
16.5,100.0,long,2.207759286896682
17.0,100.0,long,2.1572918332017457
17.5,100.0,long,2.106494476638338
18.0,100.0,long,2.055519596329066
18.5,100.0,long,2.0045054701071097
19.0,100.0,long,1.9535772911296663
19.5,100.0,long,1.9028481182404382
20.0,100.0,long,1.8524197642462898
20.5,100.0,long,1.8023836259991974
21.0,100.0,long,1.7528214599231762
21.5,100.0,long,1.7038061063939873
22.0,100.0,long,1.6554021661648628
22.5,100.0,long,1.6076666318322586
23.0,100.0,long,1.5606494771501769
23.5,100.0,long,1.5143942068287088
24.0,100.0,long,1.4689383692908224
24.5,100.0,long,1.4243140347103223
25.0,100.0,long,1.3805482405123113
25.5,100.0,long,1.3376634063848483
26.0,100.0,long,1.295677720725981
26.5,100.0,long,1.2546055003335275
27.0,100.0,long,1.2144575250352805
27.5,100.0,long,1.1752413488542153
28.0,100.0,long,1.1369615892064424
28.5,100.0,long,1.0996201955386085
29.0,100.0,long,1.0632166987258258
29.5,100.0,long,1.0277484424707666
30.0,100.0,long,0.9932107978688152
30.5,100.0,long,0.959597362233039
31.0,100.0,long,0.9269001432057415
31.5,100.0,long,0.8951097291203904
32.0,100.0,long,0.8642154465185158
32.5,100.0,long,0.8342055056703959
33.0,100.0,long,0.8050671348959966
33.5,100.0,long,0.7767867044333195
34.0,100.0,long,0.7493498405549507
34.5,100.0,long,0.7227415305900352
35.0,100.0,long,0.6969462194678763
35.5,100.0,long,0.6719478983608391
36.0,100.0,long,0.6477301859679824
36.5,100.0,long,0.6242764029467621
37.0,100.0,long,0.601569639968147
37.5,100.0,long,0.5795928198403466
38.0,100.0,long,0.5583287541180895
38.5,100.0,long,0.5377601945877754
39.0,100.0,long,0.51786987999386
39.5,100.0,long,0.49864057834834763
40.0,100.0,long,0.4800551251432242
40.5,100.0,long,0.46209645776495606
41.0,100.0,long,0.44474764639073017
41.5,100.0,long,0.42799192162785554
42.0,100.0,long,0.4118126991405945
42.5,100.0,long,0.3961936014926183
43.0,100.0,long,0.38111847741816374
43.5,100.0,long,0.3665714187208111
44.0,100.0,long,0.3525367749855008
44.5,100.0,long,0.3389991662769429
45.0,100.0,long,0.32594349398588107
45.5,100.0,long,0.3133549499737024
46.0,100.0,long,0.3012190241556125
46.5,100.0,long,0.2895215106529597
47.0,100.0,long,0.27824851263626227
47.5,100.0,long,0.2673864459720451
48.0,100.0,long,0.2569220417786622
48.5,100.0,long,0.24684234798887
49.0,100.0,long,0.23713473000997343
49.5,100.0,long,0.22778687056586688
50.0,100.0,long,0.21878676879921422
50.5,100.0,long,0.21012273870632023
51.0,100.0,long,0.201783406971936
51.5,100.0,long,0.19375771026625532
52.0,100.0,long,0.18603489206172627
52.5,100.0,long,0.17860449902295125
53.0,100.0,long,0.17145637701889313
53.5,100.0,long,0.16458066680282793
54.0,100.0,long,0.1579677994019367
54.5,100.0,long,0.15160849125514633
55.0,100.0,long,0.14549373913474217
55.5,100.0,long,0.13961481488441557
56.0,100.0,long,0.13396326000373338
56.5,100.0,long,0.1285308801065301
57.0,100.0,long,0.12330973927840529
57.5,100.0,long,0.11829215435635083
58.0,100.0,long,0.11347068915152803
58.5,100.0,long,0.10883814863434944
59.0,100.0,long,0.10438757309928345
59.5,100.0,long,0.10011223232519631
60.0,100.0,long,0.09600561974554545
60.5,100.0,long,0.09206144664135611
61.0,100.0,long,0.08827363636862737
61.5,100.0,long,0.08463631863062183
62.0,100.0,long,0.0811438238043945
62.5,100.0,long,0.0777906773298939
63.0,100.0,long,0.07457159416902882
63.5,100.0,long,0.0714814733412224
64.0,100.0,long,0.06851539254117318
64.5,100.0,long,0.06566860284380412
65.0,100.0,long,0.0629365235006963
65.5,100.0,long,0.06031473683168043
66.0,100.0,long,0.05779898321468163
66.5,100.0,long,0.0553851561763843
67.0,100.0,long,0.05306929758580189
67.5,100.0,long,0.05084759295239057
68.0,100.0,long,0.048716366829942986
68.5,100.0,long,0.046672078327128184
69.0,100.0,long,0.044711316725207596
69.5,100.0,long,0.04283079720315235
70.0,100.0,long,0.04102735667010936
70.5,100.0,long,0.039297949704913585
71.0,100.0,long,0.03763964460211866
71.5,100.0,long,0.0360496195238134
72.0,100.0,long,0.03452515875631177
72.5,100.0,long,0.03306364907063934
73.0,100.0,long,0.03166257618559641
73.5,100.0,long,0.030319521332048748
74.0,100.0,long,0.029032157916985483
74.5,100.0,long,0.02779824828578488
75.0,100.0,long,0.026615640581043546
75.5,100.0,long,0.02548226569625147
76.0,100.0,long,0.024396134322533142
76.5,100.0,long,0.02335533408662294
77.0,100.0,long,0.02235802677820036
77.5,100.0,long,0.021402445664676487
78.0,100.0,long,0.020486892891496463
78.5,100.0,long,0.019609736966004026
79.0,100.0,long,0.018769410322900488
79.5,100.0,long,0.01796440696932481
80.0,100.0,long,0.017193280207578696
80.5,100.0,long,0.016454640433524834
81.0,100.0,long,0.015747153008693685
81.5,100.0,long,0.015069536204145665
82.0,100.0,long,0.014420559214151541
82.5,100.0,long,0.01379904023777097
83.0,100.0,long,0.013203844626431285
83.5,100.0,long,0.01263388309563216
84.0,100.0,long,0.012088109998926625
84.5,100.0,long,0.011565521662358528
85.0,100.0,long,0.011065154777564017
85.5,100.0,long,0.010586084851777169
86.0,100.0,long,0.010127424713011252
86.5,100.0,long,0.009688323068720278
87.0,100.0,long,0.009267963116280321
87.5,100.0,long,0.008865561203663939
88.0,100.0,long,0.008480365538717108
88.5,100.0,long,0.008111654945483703
89.0,100.0,long,0.007758737666058253
89.5,100.0,long,0.0074209502064846045
90.0,100.0,long,0.007097656225253841
90.5,100.0,long,0.006788245462991458
91.0,100.0,long,0.006492132711960129
91.5,100.0,long,0.006208756824039871
92.0,100.0,long,0.005937579755883968
92.5,100.0,long,0.005678085649983826
93.0,100.0,long,0.005429779950411397
93.5,100.0,long,0.005192188552042567
94.0,100.0,long,0.004964856982098769
94.5,100.0,long,0.004747349612878362
95.0,100.0,long,0.004539248904582051
95.5,100.0,long,0.004340154677169594
96.0,100.0,long,0.004149683410217138
96.5,100.0,long,0.003967467569775737
97.0,100.0,long,0.0037931549612627794
97.5,100.0,long,0.0036264081074482016
98.0,100.0,long,0.0034669036506267555
98.5,100.0,long,0.003314331778096885
99.0,100.0,long,0.003168395670094691
99.5,100.0,long,0.0030288109693592854
100.0,100.0,long,0.0028953052715327636
0.0,1000.0,long,0.0
0.5,1000.0,long,9.566323383957836e-6
1.0,1000.0,long,0.0042669841996720624
1.5,1000.0,long,0.03468308532268402
2.0,1000.0,long,0.10212870187537504
2.5,1000.0,long,0.19880814291888682
3.0,1000.0,long,0.3132014600687674
3.5,1000.0,long,0.4359052473112808
4.0,1000.0,long,0.560312516922488
4.5,1000.0,long,0.6820483609382268
5.0,1000.0,long,0.7983210366754472
5.5,1000.0,long,0.9074212473064933
6.0,1000.0,long,1.0083720890525454
6.5,1000.0,long,1.1006912983558474
7.0,1000.0,long,1.1842304995509965
7.5,1000.0,long,1.2590659687838548
8.0,1000.0,long,1.3254237721701432
8.5,1000.0,long,1.3836279905638587
9.0,1000.0,long,1.4340646125386127
9.5,1000.0,long,1.4771561875240824
10.0,1000.0,long,1.513343957410469
10.5,1000.0,long,1.5430752454197767
11.0,1000.0,long,1.5667945796263587
11.5,1000.0,long,1.5849374942068364
12.0,1000.0,long,1.597926265867485
12.5,1000.0,long,1.6061670577993052
13.0,1000.0,long,1.6100480922375733
13.5,1000.0,long,1.609938576856964
14.0,1000.0,long,1.6061881839999574
14.5,1000.0,long,1.599126934540094
15.0,1000.0,long,1.5890653763595548
15.5,1000.0,long,1.5762949752827586
16.0,1000.0,long,1.5610886568187006
16.5,1000.0,long,1.5437014522857506
17.0,1000.0,long,1.524371214271517
17.5,1000.0,long,1.5033193749441904
18.0,1000.0,long,1.480751727216038
18.5,1000.0,long,1.4568592136959324
19.0,1000.0,long,1.4318187121430173
19.5,1000.0,long,1.4057938090325548
20.0,1000.0,long,1.3789355550779452
20.5,1000.0,long,1.3513831982771667
21.0,1000.0,long,1.3232648913851182
21.5,1000.0,long,1.2946983717447396
22.0,1000.0,long,1.2657916122071486
22.5,1000.0,long,1.2366434424860564
23.0,1000.0,long,1.2073441407643437
23.5,1000.0,long,1.1779759957317246
24.0,1000.0,long,1.148613839505742
24.5,1000.0,long,1.1193255520926892
25.0,1000.0,long,1.090172538195019
25.5,1000.0,long,1.0612101772789115
26.0,1000.0,long,1.032488247889037
26.5,1000.0,long,1.0040513272442697
27.0,1000.0,long,0.9759391671740837
27.5,1000.0,long,0.9481870474648864
28.0,1000.0,long,0.9208261076825071
28.5,1000.0,long,0.8938836585241534
29.0,1000.0,long,0.8673834737328097
29.5,1000.0,long,0.8413460635810999
30.0,1000.0,long,0.8157889309015453
30.5,1000.0,long,0.7907268106071362
31.0,1000.0,long,0.7661718936111189
31.5,1000.0,long,0.7421340360186423
32.0,1000.0,long,0.7186209544260663
32.5,1000.0,long,0.6956384081266589
33.0,1000.0,long,0.6731903689846213
33.5,1000.0,long,0.6512791797030664
34.0,1000.0,long,0.6299057011759827
34.5,1000.0,long,0.6090694495795688
35.0,1000.0,long,0.5887687238246431
35.5,1000.0,long,0.5690007239593373
36.0,1000.0,long,0.5497616610799039
36.5,1000.0,long,0.5310468592773504
37.0,1000.0,long,0.5128508501187223
37.5,1000.0,long,0.49516746013419477
38.0,1000.0,long,0.4779898917547308
38.5,1000.0,long,0.4613107981198618
39.0,1000.0,long,0.44512235215115825
39.5,1000.0,long,0.4294163102641249
40.0,1000.0,long,0.4141840710695664
40.5,1000.0,long,0.39941672939487394
41.0,1000.0,long,0.38510512593616075
41.5,1000.0,long,0.3712398928336545
42.0,1000.0,long,0.35781149544522983
42.5,1000.0,long,0.34481027057638736
43.0,1000.0,long,0.33222646140928225
43.5,1000.0,long,0.3200502493585942
44.0,1000.0,long,0.3082717830680132
44.5,1000.0,long,0.29688120474789587
45.0,1000.0,long,0.28586867404217037
45.5,1000.0,long,0.27522438960079026
46.0,1000.0,long,0.2649386085229386
46.5,1000.0,long,0.2550016638257277
47.0,1000.0,long,0.24540398008327358
47.5,1000.0,long,0.23613608737175426
48.0,1000.0,long,0.22718863364731215
48.5,1000.0,long,0.2185523956754432
49.0,1000.0,long,0.21021828862277464
49.5,1000.0,long,0.2021773744148627
50.0,1000.0,long,0.1944208689567946
50.5,1000.0,long,0.18694014830695593
51.0,1000.0,long,0.1797267538882802
51.5,1000.0,long,0.17277239681562556
52.0,1000.0,long,0.1660689614125988
52.5,1000.0,long,0.15960850798614334
53.0,1000.0,long,0.153383274922517
53.5,1000.0,long,0.14738568016388723
54.0,1000.0,long,0.14160832212063756
54.5,1000.0,long,0.1360439800706187
55.0,1000.0,long,0.13068561409294213
55.5,1000.0,long,0.12552636458052593
56.0,1000.0,long,0.12055955137241295
56.5,1000.0,long,0.11577867254390853
57.0,1000.0,long,0.11117740288979569
57.5,1000.0,long,0.10674959213327545
58.0,1000.0,long,0.10248926289084326
58.5,1000.0,long,0.09839060842103153
59.0,1000.0,long,0.09444799018281441
59.5,1000.0,long,0.09065593522748505
60.0,1000.0,long,0.08700913344595085
60.5,1000.0,long,0.08350243469166028
61.0,1000.0,long,0.08013084579775526
61.5,1000.0,long,0.07688952750552967
62.0,1000.0,long,0.07377379131987256
62.5,1000.0,long,0.07077909630605698
63.0,1000.0,long,0.06790104584101728
63.5,1000.0,long,0.06513538433111953
64.0,1000.0,long,0.062477993907370716
64.5,1000.0,long,0.0599248911080311
65.0,1000.0,long,0.05747222355767645
65.5,1000.0,long,0.05511626665091087
66.0,1000.0,long,0.0528534202481413
66.5,1000.0,long,0.05068020539009272
67.0,1000.0,long,0.04859326103706865
67.5,1000.0,long,0.04658934083833012
68.0,1000.0,long,0.044665309936388016
68.5,1000.0,long,0.04281814181046548
69.0,1000.0,long,0.04104491516289031
69.5,1000.0,long,0.03934281085171988
70.0,1000.0,long,0.037709108872477866
70.5,1000.0,long,0.036141185391492504
71.0,1000.0,long,0.03463650983296847
71.5,1000.0,long,0.03319264202159373
72.0,1000.0,long,0.03180722938218164
72.5,1000.0,long,0.03047800419757005
73.0,1000.0,long,0.029202780925745745
73.5,1000.0,long,0.027979453576930303
74.0,1000.0,long,0.026805993151151283
74.5,1000.0,long,0.025680445136629964
75.0,1000.0,long,0.024600927069141198
75.5,1000.0,long,0.023565626152341437
76.0,1000.0,long,0.022572796938917318
76.5,1000.0,long,0.02162075907227662
77.0,1000.0,long,0.02070789508838671
77.5,1000.0,long,0.01983264827726032
78.0,1000.0,long,0.018993520603494452
78.5,1000.0,long,0.01818907068518512
79.0,1000.0,long,0.017417911830465857
79.5,1000.0,long,0.01667871013085351
80.0,1000.0,long,0.015970182610526937
80.5,1000.0,long,0.015291095430615203
81.0,1000.0,long,0.014640262147528975
81.5,1000.0,long,0.014016542024331927
82.0,1000.0,long,0.013418838394119677
82.5,1000.0,long,0.01284609707434698
83.0,1000.0,long,0.012297304831024841
83.5,1000.0,long,0.011771487891693137
84.0,1000.0,long,0.011267710506061812
84.5,1000.0,long,0.010785073553207234
85.0,1000.0,long,0.010322713194204105
85.5,1000.0,long,0.009879799569073052
86.0,1000.0,long,0.009455535536924803
86.5,1000.0,long,0.009049155458185488
87.0,1000.0,long,0.008659924017794434
87.5,1000.0,long,0.008287135088273147
88.0,1000.0,long,0.007930110631574722
88.5,1000.0,long,0.0075881996386345865
89.0,1000.0,long,0.007260777105556029
89.5,1000.0,long,0.006947243045379122
90.0,1000.0,long,0.006647021534396445
90.5,1000.0,long,0.006359559791995926
91.0,1000.0,long,0.006084327293028471
91.5,1000.0,long,0.0058208149117157226
92.0,1000.0,long,0.005568534096132605
92.5,1000.0,long,0.005327016072317908
93.0,1000.0,long,0.005095811077086182
93.5,1000.0,long,0.0048744876186341485
94.0,1000.0,long,0.004662631764054761
94.5,1000.0,long,0.004459846452892878
95.0,1000.0,long,0.004265750835896649
95.5,1000.0,long,0.004079979638139494
96.0,1000.0,long,0.003902182545708182
96.5,1000.0,long,0.0037320236151727904
97.0,1000.0,long,0.0035691807050750486
97.5,1000.0,long,0.003413344928691789
98.0,1000.0,long,0.003264220127350203
98.5,1000.0,long,0.0031215223635918995
99.0,1000.0,long,0.002984979433502105
99.5,1000.0,long,0.0028543303975400738
100.0,1000.0,long,0.002729325129225905
0.0,2000.0,long,0.0
0.5,2000.0,long,2.766332009199662e-21
1.0,2000.0,long,7.256056517151383e-11
1.5,2000.0,long,2.2935284886488216e-7
2.0,2000.0,long,1.3317957443384274e-5
2.5,2000.0,long,0.00015511936469410017
3.0,2000.0,long,0.0008054099402843779
3.5,2000.0,long,0.0026275906225754287
4.0,2000.0,long,0.006398456619900709
4.5,2000.0,long,0.012801984818002847
5.0,2000.0,long,0.022299416438797435
5.5,2000.0,long,0.03509029806080331
6.0,2000.0,long,0.05113490105312282
6.5,2000.0,long,0.07020533085280871
7.0,2000.0,long,0.09194307938642511
7.5,2000.0,long,0.11591129782175492
8.0,2000.0,long,0.14163715946184016
8.5,2000.0,long,0.16864360717726717
9.0,2000.0,long,0.19647160287012816
9.5,2000.0,long,0.22469463036267076
10.0,2000.0,long,0.2529272424993055
10.5,2000.0,long,0.28082922814182254
11.0,2000.0,long,0.3081066819177282
11.5,2000.0,long,0.33451097216115894
12.0,2000.0,long,0.3598363537315128
12.5,2000.0,long,0.38391677090771975
13.0,2000.0,long,0.4066222388563186
13.5,2000.0,long,0.4278550736341586
14.0,2000.0,long,0.4475461528575908
14.5,2000.0,long,0.4656513251976906
15.0,2000.0,long,0.4821480409908453
15.5,2000.0,long,0.49703224388811607
16.0,2000.0,long,0.5103155410430834
16.5,2000.0,long,0.5220226541527755
17.0,2000.0,long,0.5321891436971952
17.5,2000.0,long,0.5408593924729613
18.0,2000.0,long,0.5480848308873191
18.5,2000.0,long,0.553922384670164
19.0,2000.0,long,0.5584331250950063
19.5,2000.0,long,0.5616811020591631
20.0,2000.0,long,0.563732341162592
20.5,2000.0,long,0.5646539870342924
21.0,2000.0,long,0.5645135764390086
21.5,2000.0,long,0.5633784260544986
22.0,2000.0,long,0.561315121173243
22.5,2000.0,long,0.558389092907783
23.0,2000.0,long,0.5546642727382693
23.5,2000.0,long,0.5502028144182257
24.0,2000.0,long,0.5450648743420498
24.5,2000.0,long,0.5393084424729702
25.0,2000.0,long,0.5329892168342842
25.5,2000.0,long,0.5261605153833472
26.0,2000.0,long,0.5188732198219473
26.5,2000.0,long,0.5111757465542266
27.0,2000.0,long,0.5031140405903275
27.5,2000.0,long,0.49473158871657286
28.0,2000.0,long,0.486069448717299
28.5,2000.0,long,0.47716629184508785
29.0,2000.0,long,0.4680584561004596
29.5,2000.0,long,0.4587800082040328
30.0,2000.0,long,0.4493628124282231
30.5,2000.0,long,0.43983660470591546
31.0,2000.0,long,0.4302290706538579
31.5,2000.0,long,0.4205659263422098
32.0,2000.0,long,0.41087100081172573
32.5,2000.0,long,0.4011663194891334
33.0,2000.0,long,0.391472187781849
33.5,2000.0,long,0.3818072742473393
34.0,2000.0,long,0.3721886928321405
34.5,2000.0,long,0.36263208376248157
35.0,2000.0,long,0.3531516927440901
35.5,2000.0,long,0.343760448194494
36.0,2000.0,long,0.3344700362880814
36.5,2000.0,long,0.3252909736434439
37.0,2000.0,long,0.31623267752501033
37.5,2000.0,long,0.30730353346750294
38.0,2000.0,long,0.2985109602630446
38.5,2000.0,long,0.2898614722774472
39.0,2000.0,long,0.2813607390849022
39.5,2000.0,long,0.2730136424294497
40.0,2000.0,long,0.26482433053768784
40.5,2000.0,long,0.25679626982057197
41.0,2000.0,long,0.24893229401320388
41.5,2000.0,long,0.24123465081050816
42.0,2000.0,long,0.23370504606392145
42.5,2000.0,long,0.22634468560991225
43.0,2000.0,long,0.21915431480549957
43.5,2000.0,long,0.21213425584914933
44.0,2000.0,long,0.20528444296764414
44.5,2000.0,long,0.19860445555089176
45.0,2000.0,long,0.19209354931729267
45.5,2000.0,long,0.18575068559231137
46.0,2000.0,long,0.17957455878242032
46.5,2000.0,long,0.1735636221256597
47.0,2000.0,long,0.16771611179877802
47.5,2000.0,long,0.1620300694593375
48.0,2000.0,long,0.15650336329934483
48.5,2000.0,long,0.1511337076849533
49.0,2000.0,long,0.14591868145461065
49.5,2000.0,long,0.14085574494574676
50.0,2000.0,long,0.13594225581772257
50.5,2000.0,long,0.13117548373633797
51.0,2000.0,long,0.126552623982739
51.5,2000.0,long,0.12207081004708505
52.0,2000.0,long,0.11772712526487439
52.5,2000.0,long,0.113518613551367
53.0,2000.0,long,0.10944228928712159
53.5,2000.0,long,0.10549514640528068
54.0,2000.0,long,0.10167416672889654
54.5,2000.0,long,0.09797632760431306
55.0,2000.0,long,0.09439860887438896
55.5,2000.0,long,0.09093799923319423
56.0,2000.0,long,0.08759150200171374
56.5,2000.0,long,0.08435614036207192
57.0,2000.0,long,0.08122896208583914
57.5,2000.0,long,0.0782070437900988
58.0,2000.0,long,0.07528749475314689
58.5,2000.0,long,0.07246746031995917
59.0,2000.0,long,0.0697441249258948
59.5,2000.0,long,0.06711471476551459
60.0,2000.0,long,0.06457650013186439
60.5,2000.0,long,0.0621267974501193
61.0,2000.0,long,0.0597629710280965
61.5,2000.0,long,0.05748243454481687
62.0,2000.0,long,0.05528265229703871
62.5,2000.0,long,0.05316114022248392
63.0,2000.0,long,0.05111546671733813
63.5,2000.0,long,0.04914325326452316
64.0,2000.0,long,0.047242174888211946
64.5,2000.0,long,0.04540996044908291
65.0,2000.0,long,0.043644392793885274
65.5,2000.0,long,0.04194330877201476
66.0,2000.0,long,0.0403045991309707
66.5,2000.0,long,0.03872620830178333
67.0,2000.0,long,0.03720613408476246
67.5,2000.0,long,0.03574242724521929
68.0,2000.0,long,0.03433319102815549
68.5,2000.0,long,0.03297658060029313
69.0,2000.0,long,0.03167080242723255
69.5,2000.0,long,0.030414113592975276
70.0,2000.0,long,0.029204821068529768
70.5,2000.0,long,0.028041280935829246
71.0,2000.0,long,0.026921897572732705
71.5,2000.0,long,0.0258451228044483
72.0,2000.0,long,0.02480945502631399
72.5,2000.0,long,0.023813438302490077
73.0,2000.0,long,0.022855661444761748
73.5,2000.0,long,0.021934757075316277
74.0,2000.0,long,0.021049400677045995
74.5,2000.0,long,0.020198309634635855
75.0,2000.0,long,0.019380242269420343
75.5,2000.0,long,0.01859399687073805
76.0,2000.0,long,0.017838410726273485
76.5,2000.0,long,0.017112359153651974
77.0,2000.0,long,0.016414754535345372
77.5,2000.0,long,0.015744545358752162
78.0,2000.0,long,0.015100715263134184
78.5,2000.0,long,0.014482282094924637
79.0,2000.0,long,0.013888296972764573
79.5,2000.0,long,0.013317843363480525
80.0,2000.0,long,0.012770036170080006
80.5,2000.0,long,0.012244020832717221
81.0,2000.0,long,0.011738972443464734
81.5,2000.0,long,0.01125409487561949
82.0,2000.0,long,0.010788619928173027
82.5,2000.0,long,0.010341806485982818
83.0,2000.0,long,0.00991293969609824
83.5,2000.0,long,0.009501330160616437
84.0,2000.0,long,0.009106313146371161
84.5,2000.0,long,0.008727247811692993
85.0,2000.0,long,0.008363516450417836
85.5,2000.0,long,0.008014523753266216
86.0,2000.0,long,0.007679696086665119
86.5,2000.0,long,0.007358480789037885
87.0,2000.0,long,0.007050345484546387
87.5,2000.0,long,0.006754777414231031
88.0,2000.0,long,0.006471282784460206
88.5,2000.0,long,0.006199386132569717
89.0,2000.0,long,0.005938629709544411
89.5,2000.0,long,0.005688572879569717
90.0,2000.0,long,0.005448791536258022
90.5,2000.0,long,0.005218877535335122
91.0,2000.0,long,0.004998438143554604
91.5,2000.0,long,0.004787095503592132
92.0,2000.0,long,0.004584486114658759
92.5,2000.0,long,0.004390260328560311
93.0,2000.0,long,0.00420408186092018
93.5,2000.0,long,0.0040256273172745586
94.0,2000.0,long,0.0038545857337419715
94.5,2000.0,long,0.0036906581319636634
95.0,2000.0,long,0.003533557088006658
95.5,2000.0,long,0.0033830063149182517
96.0,2000.0,long,0.0032387402586183463
96.5,2000.0,long,0.0031005037068145523
97.0,2000.0,long,0.0029680514106245927
97.5,2000.0,long,0.0028411477185907967
98.0,2000.0,long,0.002719566222772234
98.5,2000.0,long,0.0026030894166018705
99.0,2000.0,long,0.0024915083641980037
99.5,2000.0,long,0.0023846223808220574
100.0,2000.0,long,0.0022822387241778876
